epoch,train_standardized_mse,learning_rate
1,0.12912381548204707,0.0003
2,0.052690892667603365,0.0002999904907117206
3,0.03405075312357817,0.00029996196405256993
4,0.025286243099761713,0.0002999144236394577
5,0.019636910398413348,0.0002998478755000571
6,0.015245044374227556,0.0002997623280720407
7,0.014000636066375527,0.0002996577922020106
8,0.01149342783740206,0.000299534281144123
9,0.009921312828460054,0.0002993918105584082
10,0.009438534866772728,0.00029923039850878423
11,0.008774946630456656,0.0002990500654607674
12,0.00742546576577471,0.00029885083427887686
13,0.006986271665771613,0.00029863273022373587
14,0.0072930069841520805,0.0002983957809488688
15,0.005934653568330637,0.0002981400164971953
16,0.005524370969389681,0.00029786546929722057
17,0.005213213218745494,0.0002975721741589244
18,0.0050827194346444015,0.0002972601682693469
19,0.004812600804949986,0.0002969294911878742
20,0.004596885764651182,0.00029658018484122215
21,0.004798697049889053,0.00029621229351812074
22,0.004423454489976368,0.00029582586386369867
23,0.004390677163904321,0.00029542094487356894
24,0.0041621551974733145,0.00029499758788761697
25,0.003828928670866214,0.0002945558465834912
26,0.0039038870607037276,0.00029409577696979695
27,0.00375286657180585,0.0002936174373789954
28,0.0035891278844533457,0.0002931208884600074
29,0.003471906018626139,0.0002926061931705238
30,0.003527628165702983,0.0002920734167690231
31,0.0034442243588505878,0.0002915226268064971
32,0.003435623838382513,0.00029095389311788633
33,0.003303652745609283,0.00029036728781322543
34,0.0035251860376491573,0.0002897628852685003
35,0.00311402121460478,0.00028914076211621824
36,0.003013955509671797,0.00028850099723569107
37,0.0031202411548110873,0.00028784367174303465
38,0.0033301678433490965,0.00028716886898088364
39,0.00301695171883013,0.0002864766745078247
40,0.0034418119094517846,0.0002857671760875482
41,0.0030693705291044856,0.00028504046367772124
42,0.002829625479745871,0.00028429662941858097
43,0.0026076472854159294,0.0002835357676212528
44,0.0027440124196718304,0.0002827579747557924
45,0.0027219418345420282,0.0002819633494389541
46,0.0027040042904306204,0.0002811519924216874
47,0.0027720565136502406,0.0002803240065763627
48,0.002880355236319486,0.0002794794968837278
49,0.0027414173260672846,0.00027861857041959774
50,0.0026697266902081934,0.0002777413363412783
51,0.002710697768488988,0.00027684790587372606
52,0.0026471914151111257,0.00027593839229544595
53,0.0026949416926797093,0.00027501291092412876
54,0.002583657737936946,0.0002740715791020299
55,0.0026657455198776862,0.0002731145161810916
56,0.002621119831557934,0.00027214184350781004
57,0.002694766838147668,0.0002711536844078499
58,0.0024590297373931285,0.0002701501641704078
59,0.0025058221130686746,0.0002691314100323269
60,0.0024717217465202172,0.00026809755116196434
61,0.002418984695125081,0.00026704871864281386
62,0.0024390498545386143,0.000265985045456886
63,0.00238883168214701,0.0002649066664678468
64,0.00238885035885561,0.00026381371840391877
65,0.002404013493711299,0.0002627063398405447
66,0.0024117711550854888,0.0002615846711828178
67,0.00234374978288716,0.0002604488546476797
68,0.002439050211570516,0.0002592990342458887
69,0.0022629789021096085,0.0002581353557637603
70,0.002286496645651233,0.00025695796674468315
71,0.002236788588373353,0.00025576701647041206
72,0.002205101559354347,0.00025456265594214
73,0.0023052839887152832,0.00025334503786135314
74,0.0022603283693540853,0.00025211431661046935
75,0.0022063414905027215,0.00025087064823326415
76,0.0022210444828585363,0.000249614190415086
77,0.0022870532465962133,0.00024834510246286276
78,0.002155519320255741,0.00024706354528490377
79,0.00216220491321597,0.00024576968137049763
80,0.0021553802086444144,0.00024446367476931046
81,0.002081169889908323,0.00024314569107058582
82,0.002113332900815985,0.00024181589738214953
83,0.002144104311129372,0.00024047446230922206
84,0.0020489092332669824,0.00023912155593304094
85,0.00235354516007132,0.00023775734978929622
86,0.0020155740728419434,0.00023638201684638108
87,0.002073872518610871,0.0002349957314834613
88,0.0020211895423507295,0.0002335986694683656
89,0.00198725367644475,0.00023219100793529988
90,0.001992527759370358,0.00023077292536238846
91,0.001988014552288363,0.00022934460154904447
92,0.0020110559022655026,0.00022790621759317332
93,0.00207442376413961,0.00022645795586821073
94,0.001976800456538177,0.00022500000000000013
95,0.0019709666898193767,0.0002235325348435101
96,0.0019850450393264804,0.00022205574645939693
97,0.0020366839660261988,0.00022056982209041348
98,0.0019439909466081946,0.00021907495013766888
99,0.0019337426388991734,0.0002175713201367411
100,0.0019390728856640287,0.0002160591227336453
101,0.0018992925752280348,0.00021453854966066202
102,0.0019036358471461957,0.00021300979371202734
103,0.0018894338292414058,0.00021147304871948827
104,0.0018897090326329925,0.0002099285095277267
105,0.0019322555804015661,0.000208376371969655
106,0.0018426262503815172,0.00020681683284158651
107,0.0018757361258653967,0.0002052500898782832
108,0.0018954516153135955,0.00020367634172788497
109,0.0018958834848536597,0.00020209578792672312
110,0.0018720692299657481,0.00020050862887402085
111,0.0018326226540145037,0.00019891506580648434
112,0.0018298635116810276,0.0001973153007727884
113,0.00184045365407834,0.00019570953660795817
114,0.0017978122416236059,0.00019409797690765165
115,0.0017570925789722849,0.00019248082600234573
116,0.0017716687414753873,0.0001908582889314291
117,0.0018179122712656053,0.00018923057141720511
118,0.001776195496994426,0.00018759787983880816
119,0.0017872614007826738,0.00018596042120603683
120,0.001776373657105851,0.00018431840313310689
121,0.001719455685658943,0.00018267203381232784
122,0.0017474884045265684,0.00018102152198770617
123,0.0017612383329033109,0.00017936707692847858
124,0.0017192370097231834,0.0001777089084025785
125,0.001738913946969119,0.00017604722665003967
126,0.0017659840386722223,0.00017438224235633956
127,0.0016913467756815856,0.0001727141666256866
128,0.0017227111970664819,0.00017104321095425407
129,0.001665455661664247,0.00016936958720336433
130,0.001664055124122963,0.00016769350757262703
131,0.0016503119631220166,0.00016601518457303396
132,0.0016466420423460145,0.00016433483100001482
133,0.0016784794776294892,0.0001626526599064568
134,0.001649131956553669,0.0001609688845756915
135,0.0016719511553801316,0.00015928371849445238
136,0.0016434322927399289,0.000157597375325807
137,0.00164227521775653,0.0001559100688820664
138,0.0016350635265253656,0.00015422201309767583
139,0.0016300401836235041,0.0001525334220020897
140,0.00162546977410283,0.00015084450969263496
141,0.0016083542203286076,0.00014915549030736523
142,0.0016086845543167344,0.00014746657799791043
143,0.0015850067851329761,0.00014577798690232428
144,0.0015841926732647609,0.00014408993111793373
145,0.0015660424818815357,0.00014240262467419317
146,0.0015648022801562976,0.0001407162815055478
147,0.0015357974475701107,0.00013903111542430872
148,0.0015468177980509361,0.00013734734009354335
149,0.0015884182203911585,0.00013566516899998535
150,0.001574983777109453,0.00013398481542696623
151,0.0015479556662146906,0.0001323064924273732
152,0.0015320864100556479,0.00013063041279663586
153,0.001547290724017373,0.00012895678904574612
154,0.0015279242418756818,0.00012728583337431355
155,0.0015838069838578419,0.0001256177576436606
156,0.0014995466340081225,0.0001239527733499605
157,0.001492445669542344,0.00012229109159742166
158,0.0015169870370987874,0.00012063292307152161
159,0.0015041721890565385,0.00011897847801229398
160,0.0014944382671141223,0.00011732796618767233
161,0.0014860128018861834,0.0001156815968668933
162,0.0014828287397217236,0.00011403957879396333
163,0.00145156412905914,0.00011240212016119199
164,0.0014524362016272625,0.00011076942858279505
165,0.0014427763334082014,0.0001091417110685711
166,0.001468750015306208,0.00010751917399765446
167,0.0014582731825763906,0.00010590202309234847
168,0.0014285845238893944,0.00010429046339204195
169,0.0014443789563093144,0.0001026846992272117
170,0.0014483110992386562,0.0001010849341935158
171,0.0014194729230205413,9.949137112597935e-05
172,0.0014317033169934897,9.7904212073277e-05
173,0.0014124491866266545,9.632365827211515e-05
174,0.0014026947826883708,9.474991012171697e-05
175,0.0014132936895141373,9.318316715841366e-05
176,0.001400151608697885,9.162362803034516e-05
177,0.0013949500577232301,9.007149047227354e-05
178,0.001394337707684714,8.852695128051191e-05
179,0.0013881286876146577,8.69902062879728e-05
180,0.001381685013318954,8.546145033933815e-05
181,0.0013850620936886812,8.394087726635487e-05
182,0.0013712251399871016,8.242867986325909e-05
183,0.0013815916324454187,8.092504986233131e-05
184,0.0013748653852402523,7.94301779095867e-05
185,0.00135693426989204,7.794425354060326e-05
186,0.0013537846794584713,7.646746515649001e-05
187,0.0013275962111226282,7.500000000000005e-05
188,0.0013349288953346476,7.35420441317894e-05
189,0.0013392671258011177,7.209378240682683e-05
190,0.0013403744323401653,7.065539845095564e-05
191,0.0013329606974906898,6.922707463761169e-05
192,0.001332791404626571,6.780899206470023e-05
193,0.0013374522107291768,6.640133053163456e-05
194,0.0013118365169172848,6.500426851653888e-05
195,0.0013086362165016414,6.361798315361905e-05
196,0.0013162053755937902,6.22426502107039e-05
197,0.001306355070727941,6.0878444066959184e-05
198,0.0013297738402862714,5.9525537690778075e-05
199,0.0013007496668689018,5.818410261785058e-05
200,0.0013016707424659843,5.6854308929414305e-05
201,0.0012781213471172804,5.553632523068964e-05
202,0.0012996545808064749,5.42303186295025e-05
203,0.0012854821621935447,5.2936454715096335e-05
204,0.0013142612819768945,5.165489753713736e-05
205,0.0012831062449691606,5.038580958491417e-05
206,0.0012631235380353694,4.912935176673595e-05
207,0.0012601713848109572,4.7885683389530816e-05
208,0.0012765513499148732,4.665496213864705e-05
209,0.0012776450042726107,4.54373440578601e-05
210,0.0012722502645851291,4.4232983529588074e-05
211,0.0012762777018241558,4.304203325531696e-05
212,0.0012501823339702552,4.1864644236239826e-05
213,0.0012567989583312498,4.070096575411144e-05
214,0.0012717791129846696,3.9551145352320425e-05
215,0.001265947475127758,3.841532881718235e-05
216,0.0012349068700257047,3.729366015945549e-05
217,0.0012400984368804904,3.618628159608137e-05
218,0.00123809840304534,3.5093333532153316e-05
219,0.0012297158233515579,3.4014954543114144e-05
220,0.0012550112032484219,3.29512813571862e-05
221,0.0012295921201529603,3.190244883803576e-05
222,0.0012273222696908696,3.0868589967673195e-05
223,0.0012298455918925318,2.984983582959229e-05
224,0.0012225478345550028,2.8846315592150257e-05
225,0.0012250919256887609,2.785815649219014e-05
226,0.0012159695249474552,2.688548381890856e-05
227,0.0012240898437628743,2.592842089797024e-05
228,0.0012170410656617877,2.4987089075871407e-05
229,0.0012128910484545,2.4061607704554185e-05
230,0.0012010791781434946,2.315209412627407e-05
231,0.001189476012154818,2.2258663658721778e-05
232,0.001212611846428407,2.1381429580402335e-05
233,0.0011873428630094819,2.0520503116272317e-05
234,0.0011891825951220896,1.967599342363742e-05
235,0.0011959666160356645,1.884800757831269e-05
236,0.001193858686935515,1.8036650561046004e-05
237,0.001203850322876185,1.724202524420769e-05
238,0.0011964886381330645,1.6464232378747277e-05
239,0.0011836344651810751,1.5703370581419126e-05
240,0.0011873855394623257,1.4959536322278852e-05
241,0.0012012485588240782,1.4232823912451844e-05
242,0.0011688988905008944,1.3523325492175412e-05
243,0.0011648113278402733,1.2831131019116419e-05
244,0.0011695657819674656,1.2156328256965413e-05
245,0.0011753238367542072,1.1499002764308994e-05
246,0.0011666371402690398,1.0859237883781838e-05
247,0.001173667599841298,1.0237114731499738e-05
248,0.0011632220004978865,9.632712186774657e-06
249,0.0011631786205345196,9.046106882113755e-06
250,0.0011730307389184835,8.477373193502982e-06
251,0.0011534880082417903,7.926583230976999e-06
252,0.0011631131531418834,7.393806829476253e-06
253,0.0011551460146622524,6.879111539992679e-06
254,0.0011634692558657109,6.382562621004663e-06
255,0.0011531439626500863,5.904223030203117e-06
256,0.001166448001124091,5.444153416508875e-06
257,0.001151314056731862,5.002412112383083e-06
258,0.0011775424439020253,4.57905512643116e-06
259,0.0011643697974657685,4.174136136301416e-06
260,0.0011421397269577378,3.787706481879278e-06
261,0.0011716945935676044,3.419815158777879e-06
262,0.0011485184972244726,3.0705088121258283e-06
263,0.0011571084317375867,2.739831730653109e-06
264,0.0011442358485651322,2.4278258410756543e-06
265,0.0011541084786738935,2.1345307027794307e-06
266,0.0011545689852530542,1.859983502804752e-06
267,0.001146842456519701,1.6042190511312175e-06
268,0.0011773613895489133,1.3672697762641742e-06
269,0.001156699510364291,1.1491657211231412e-06
270,0.001145900008842945,9.499345392325888e-07
271,0.0011504964914671473,7.696014912157268e-07
272,0.0011443325672117859,6.081894415917999e-07
273,0.001144412320129396,4.6571885587692314e-07
274,0.0011482414976618375,3.422077979893911e-07
275,0.001129741888208343,2.3767192795927647e-07
276,0.001141107777788101,1.52124499942885e-07
277,0.0011482132708348137,8.557636054229988e-08
278,0.0012026163254300224,3.803594743004845e-08
279,0.00116034046547684,9.509288279391235e-09
