best_epoch,best_validation_mae_ev,checkpoint_path,configuration_id,curve_path,fold,hidden_dim,learning_rate,num_message_passing_layers,seed,split_identity,validation_r2,validation_rmse_ev
295,0.08632635269782453,artifacts/checkpoints/cv/cfg_000_fold_0.pt,cfg_000,results/cv/curves/cfg_000_fold_0.csv,0,64,0.0001,3,42,seed42_80-20_development_test_fourfold_v1,0.9912436642094996,0.1205179362352542
296,0.0843405908039565,artifacts/checkpoints/cv/cfg_000_fold_1.pt,cfg_000,results/cv/curves/cfg_000_fold_1.csv,1,64,0.0001,3,43,seed42_80-20_development_test_fourfold_v1,0.990859266772781,0.1225506112001342
295,0.08186290242808096,artifacts/checkpoints/cv/cfg_000_fold_2.pt,cfg_000,results/cv/curves/cfg_000_fold_2.csv,2,64,0.0001,3,44,seed42_80-20_development_test_fourfold_v1,0.9918411979070618,0.11548198204190228
288,0.08633868146505795,artifacts/checkpoints/cv/cfg_000_fold_3.pt,cfg_000,results/cv/curves/cfg_000_fold_3.csv,3,64,0.0001,3,45,seed42_80-20_development_test_fourfold_v1,0.9907049680168951,0.1242470637541766
298,0.06917033970998368,artifacts/checkpoints/cv/cfg_001_fold_0.pt,cfg_001,results/cv/curves/cfg_001_fold_0.csv,0,64,0.0003,3,1042,seed42_80-20_development_test_fourfold_v1,0.9936699862997243,0.10246907299622239
284,0.069695377084701,artifacts/checkpoints/cv/cfg_001_fold_1.pt,cfg_001,results/cv/curves/cfg_001_fold_1.csv,1,64,0.0003,3,1043,seed42_80-20_development_test_fourfold_v1,0.9927722833552175,0.10897466020885975
284,0.06934194279438693,artifacts/checkpoints/cv/cfg_001_fold_2.pt,cfg_001,results/cv/curves/cfg_001_fold_2.csv,2,64,0.0003,3,1044,seed42_80-20_development_test_fourfold_v1,0.9935606605950259,0.10259393513218748
294,0.06963218946864387,artifacts/checkpoints/cv/cfg_001_fold_3.pt,cfg_001,results/cv/curves/cfg_001_fold_3.csv,3,64,0.0003,3,1045,seed42_80-20_development_test_fourfold_v1,0.9935432664390361,0.10355405806598576
288,0.06722868087959975,artifacts/checkpoints/cv/cfg_002_fold_0.pt,cfg_002,results/cv/curves/cfg_002_fold_0.csv,0,64,0.001,3,2042,seed42_80-20_development_test_fourfold_v1,0.9939274770788221,0.1003633302685315
297,0.06767070828743013,artifacts/checkpoints/cv/cfg_002_fold_1.pt,cfg_002,results/cv/curves/cfg_002_fold_1.csv,1,64,0.001,3,2043,seed42_80-20_development_test_fourfold_v1,0.993191617891134,0.10576620588926688
291,0.06673376568229539,artifacts/checkpoints/cv/cfg_002_fold_2.pt,cfg_002,results/cv/curves/cfg_002_fold_2.csv,2,64,0.001,3,2044,seed42_80-20_development_test_fourfold_v1,0.9941889347824859,0.09746056048239557
294,0.06870432605457663,artifacts/checkpoints/cv/cfg_002_fold_3.pt,cfg_002,results/cv/curves/cfg_002_fold_3.csv,3,64,0.001,3,2045,seed42_80-20_development_test_fourfold_v1,0.9934053566686754,0.10465412376548021
296,0.07121174061488807,artifacts/checkpoints/cv/cfg_003_fold_0.pt,cfg_003,results/cv/curves/cfg_003_fold_0.csv,0,128,0.0001,3,3042,seed42_80-20_development_test_fourfold_v1,0.9933382679929821,0.10511968749218283
291,0.07302108052344913,artifacts/checkpoints/cv/cfg_003_fold_1.pt,cfg_003,results/cv/curves/cfg_003_fold_1.csv,1,128,0.0001,3,3043,seed42_80-20_development_test_fourfold_v1,0.9916646584129166,0.11702715994036444
300,0.06857935142910718,artifacts/checkpoints/cv/cfg_003_fold_2.pt,cfg_003,results/cv/curves/cfg_003_fold_2.csv,2,128,0.0001,3,3044,seed42_80-20_development_test_fourfold_v1,0.9936717857470193,0.10170483911098403
292,0.0687943325124366,artifacts/checkpoints/cv/cfg_003_fold_3.pt,cfg_003,results/cv/curves/cfg_003_fold_3.csv,3,128,0.0001,3,3045,seed42_80-20_development_test_fourfold_v1,0.9934681028099327,0.10415505681167593
293,0.06365771443710992,artifacts/checkpoints/cv/cfg_004_fold_0.pt,cfg_004,results/cv/curves/cfg_004_fold_0.csv,0,128,0.0003,3,4042,seed42_80-20_development_test_fourfold_v1,0.9943220815707087,0.09704765745923494
283,0.06350531967956612,artifacts/checkpoints/cv/cfg_004_fold_1.pt,cfg_004,results/cv/curves/cfg_004_fold_1.csv,1,128,0.0003,3,4043,seed42_80-20_development_test_fourfold_v1,0.9935596229702668,0.10286807448147975
291,0.06192609453423621,artifacts/checkpoints/cv/cfg_004_fold_2.pt,cfg_004,results/cv/curves/cfg_004_fold_2.csv,2,128,0.0003,3,4044,seed42_80-20_development_test_fourfold_v1,0.994613969391524,0.09382864365899395
279,0.06393878896201977,artifacts/checkpoints/cv/cfg_004_fold_3.pt,cfg_004,results/cv/curves/cfg_004_fold_3.csv,3,128,0.0003,3,4045,seed42_80-20_development_test_fourfold_v1,0.9941234131873236,0.0987923390312319
295,0.05977631548735232,artifacts/checkpoints/cv/cfg_005_fold_0.pt,cfg_005,results/cv/curves/cfg_005_fold_0.csv,0,128,0.001,3,5042,seed42_80-20_development_test_fourfold_v1,0.9949032841971676,0.09194660351442699
287,0.060752668161508115,artifacts/checkpoints/cv/cfg_005_fold_1.pt,cfg_005,results/cv/curves/cfg_005_fold_1.csv,1,128,0.001,3,5043,seed42_80-20_development_test_fourfold_v1,0.9940846573626552,0.0985859253604023
295,0.05956337597358667,artifacts/checkpoints/cv/cfg_005_fold_2.pt,cfg_005,results/cv/curves/cfg_005_fold_2.csv,2,128,0.001,3,5044,seed42_80-20_development_test_fourfold_v1,0.9948320832723465,0.09190915714264297
298,0.06014975900634716,artifacts/checkpoints/cv/cfg_005_fold_3.pt,cfg_005,results/cv/curves/cfg_005_fold_3.csv,3,128,0.001,3,5045,seed42_80-20_development_test_fourfold_v1,0.9944419031549716,0.09607795370434016
295,0.06123124950387505,artifacts/checkpoints/cv/cfg_006_fold_0.pt,cfg_006,results/cv/curves/cfg_006_fold_0.csv,0,256,0.0001,3,6042,seed42_80-20_development_test_fourfold_v1,0.9946598185999405,0.09411708922392978
286,0.0642232524276208,artifacts/checkpoints/cv/cfg_006_fold_1.pt,cfg_006,results/cv/curves/cfg_006_fold_1.csv,1,256,0.0001,3,6043,seed42_80-20_development_test_fourfold_v1,0.9929899802290648,0.10732096915241827
278,0.0604470722684253,artifacts/checkpoints/cv/cfg_006_fold_2.pt,cfg_006,results/cv/curves/cfg_006_fold_2.csv,2,256,0.0001,3,6044,seed42_80-20_development_test_fourfold_v1,0.9948188890081251,0.09202640948352762
277,0.06216871614513763,artifacts/checkpoints/cv/cfg_006_fold_3.pt,cfg_006,results/cv/curves/cfg_006_fold_3.csv,3,256,0.0001,3,6045,seed42_80-20_development_test_fourfold_v1,0.9941651283138094,0.098441074375136
280,0.05725684062900469,artifacts/checkpoints/cv/cfg_007_fold_0.pt,cfg_007,results/cv/curves/cfg_007_fold_0.csv,0,256,0.0003,3,7042,seed42_80-20_development_test_fourfold_v1,0.9948426870832188,0.09249158538623221
282,0.057227783758760746,artifacts/checkpoints/cv/cfg_007_fold_1.pt,cfg_007,results/cv/curves/cfg_007_fold_1.csv,1,256,0.0003,3,7043,seed42_80-20_development_test_fourfold_v1,0.9935357112296554,0.1030588611229931
284,0.05573600298729838,artifacts/checkpoints/cv/cfg_007_fold_2.pt,cfg_007,results/cv/curves/cfg_007_fold_2.csv,2,256,0.0003,3,7044,seed42_80-20_development_test_fourfold_v1,0.995220517705199,0.08838762377340913
291,0.05764450291961119,artifacts/checkpoints/cv/cfg_007_fold_3.pt,cfg_007,results/cv/curves/cfg_007_fold_3.csv,3,256,0.0003,3,7045,seed42_80-20_development_test_fourfold_v1,0.9946201342074343,0.09452494009520576
42,0.0829027935396702,artifacts/checkpoints/cv/cfg_008_fold_0.pt,cfg_008,results/cv/curves/cfg_008_fold_0.csv,0,256,0.001,3,8042,seed42_80-20_development_test_fourfold_v1,0.9915377464083092,0.11847685037518299
291,0.06147471915634092,artifacts/checkpoints/cv/cfg_008_fold_1.pt,cfg_008,results/cv/curves/cfg_008_fold_1.csv,1,256,0.001,3,8043,seed42_80-20_development_test_fourfold_v1,0.9932754546202592,0.10511299938773885
291,0.06204119266596608,artifacts/checkpoints/cv/cfg_008_fold_2.pt,cfg_008,results/cv/curves/cfg_008_fold_2.csv,2,256,0.001,3,8044,seed42_80-20_development_test_fourfold_v1,0.994691696475586,0.09314915157650239
298,0.05938900789973623,artifacts/checkpoints/cv/cfg_008_fold_3.pt,cfg_008,results/cv/curves/cfg_008_fold_3.csv,3,256,0.001,3,8045,seed42_80-20_development_test_fourfold_v1,0.994349664110727,0.09687190108094233
298,0.07978895639850214,artifacts/checkpoints/cv/cfg_009_fold_0.pt,cfg_009,results/cv/curves/cfg_009_fold_0.csv,0,64,0.0001,4,9042,seed42_80-20_development_test_fourfold_v1,0.9922654115812852,0.11326848365371986
278,0.08131774733539095,artifacts/checkpoints/cv/cfg_009_fold_1.pt,cfg_009,results/cv/curves/cfg_009_fold_1.csv,1,64,0.0001,4,9043,seed42_80-20_development_test_fourfold_v1,0.9912005541894376,0.12024101261288465
297,0.07887062511248735,artifacts/checkpoints/cv/cfg_009_fold_2.pt,cfg_009,results/cv/curves/cfg_009_fold_2.csv,2,64,0.0001,4,9044,seed42_80-20_development_test_fourfold_v1,0.9924190847168249,0.11131709176157017
294,0.07994604990003598,artifacts/checkpoints/cv/cfg_009_fold_3.pt,cfg_009,results/cv/curves/cfg_009_fold_3.csv,3,64,0.0001,4,9045,seed42_80-20_development_test_fourfold_v1,0.9920145980557477,0.11516196868544114
290,0.06935463021000728,artifacts/checkpoints/cv/cfg_010_fold_0.pt,cfg_010,results/cv/curves/cfg_010_fold_0.csv,0,64,0.0003,4,10042,seed42_80-20_development_test_fourfold_v1,0.9935498127655176,0.10343717312345682
292,0.0652230984435883,artifacts/checkpoints/cv/cfg_010_fold_1.pt,cfg_010,results/cv/curves/cfg_010_fold_1.csv,1,64,0.0003,4,10043,seed42_80-20_development_test_fourfold_v1,0.9934307469638327,0.10389220401480999
290,0.06626699677503575,artifacts/checkpoints/cv/cfg_010_fold_2.pt,cfg_010,results/cv/curves/cfg_010_fold_2.csv,2,64,0.0003,4,10044,seed42_80-20_development_test_fourfold_v1,0.9942302174850379,0.09711375602832528
287,0.06716277485802061,artifacts/checkpoints/cv/cfg_010_fold_3.pt,cfg_010,results/cv/curves/cfg_010_fold_3.csv,3,64,0.0003,4,10045,seed42_80-20_development_test_fourfold_v1,0.9935735778769648,0.103310702432516
285,0.06378910207223575,artifacts/checkpoints/cv/cfg_011_fold_0.pt,cfg_011,results/cv/curves/cfg_011_fold_0.csv,0,64,0.001,4,11042,seed42_80-20_development_test_fourfold_v1,0.994429766420499,0.09612297104181591
281,0.0640618141652575,artifacts/checkpoints/cv/cfg_011_fold_1.pt,cfg_011,results/cv/curves/cfg_011_fold_1.csv,1,64,0.001,4,11043,seed42_80-20_development_test_fourfold_v1,0.9937463969184173,0.10136548926154551
288,0.061994020320913036,artifacts/checkpoints/cv/cfg_011_fold_2.pt,cfg_011,results/cv/curves/cfg_011_fold_2.csv,2,64,0.001,4,11044,seed42_80-20_development_test_fourfold_v1,0.9946347564991017,0.09364740521234312
282,0.06324970788714408,artifacts/checkpoints/cv/cfg_011_fold_3.pt,cfg_011,results/cv/curves/cfg_011_fold_3.csv,3,64,0.001,4,11045,seed42_80-20_development_test_fourfold_v1,0.9943062260469818,0.09724354902516408
296,0.0669525412302047,artifacts/checkpoints/cv/cfg_012_fold_0.pt,cfg_012,results/cv/curves/cfg_012_fold_0.csv,0,128,0.0001,4,12042,seed42_80-20_development_test_fourfold_v1,0.9938720394014517,0.10082041120734657
295,0.07245561420612266,artifacts/checkpoints/cv/cfg_012_fold_1.pt,cfg_012,results/cv/curves/cfg_012_fold_1.csv,1,128,0.0001,4,12043,seed42_80-20_development_test_fourfold_v1,0.9911431914719296,0.12063229560331823
291,0.06550444046273596,artifacts/checkpoints/cv/cfg_012_fold_2.pt,cfg_012,results/cv/curves/cfg_012_fold_2.csv,2,128,0.0001,4,12044,seed42_80-20_development_test_fourfold_v1,0.994146979978488,0.09781175124857557
283,0.0657254930465746,artifacts/checkpoints/cv/cfg_012_fold_3.pt,cfg_012,results/cv/curves/cfg_012_fold_3.csv,3,128,0.0001,4,12045,seed42_80-20_development_test_fourfold_v1,0.9939073846302369,0.10059179797297275
294,0.061231153648052525,artifacts/checkpoints/cv/cfg_013_fold_0.pt,cfg_013,results/cv/curves/cfg_013_fold_0.csv,0,128,0.0003,4,13042,seed42_80-20_development_test_fourfold_v1,0.9946064559842569,0.09458616034395488
289,0.0587900380817455,artifacts/checkpoints/cv/cfg_013_fold_1.pt,cfg_013,results/cv/curves/cfg_013_fold_1.csv,1,128,0.0003,4,13043,seed42_80-20_development_test_fourfold_v1,0.9941790357907635,0.09779630108885425
288,0.060421844537602756,artifacts/checkpoints/cv/cfg_013_fold_2.pt,cfg_013,results/cv/curves/cfg_013_fold_2.csv,2,128,0.0003,4,13044,seed42_80-20_development_test_fourfold_v1,0.9950300872648654,0.09013125357921349
293,0.05932027814512742,artifacts/checkpoints/cv/cfg_013_fold_3.pt,cfg_013,results/cv/curves/cfg_013_fold_3.csv,3,128,0.0003,4,13045,seed42_80-20_development_test_fourfold_v1,0.9946785461272548,0.0940103870873314
296,0.057641488932819715,artifacts/checkpoints/cv/cfg_014_fold_0.pt,cfg_014,results/cv/curves/cfg_014_fold_0.csv,0,128,0.001,4,14042,seed42_80-20_development_test_fourfold_v1,0.995143810030249,0.08975079746605526
286,0.05692755706283119,artifacts/checkpoints/cv/cfg_014_fold_1.pt,cfg_014,results/cv/curves/cfg_014_fold_1.csv,1,128,0.001,4,14043,seed42_80-20_development_test_fourfold_v1,0.9940808126310159,0.09861795857302423
277,0.058106946533338415,artifacts/checkpoints/cv/cfg_014_fold_2.pt,cfg_014,results/cv/curves/cfg_014_fold_2.csv,2,128,0.001,4,14044,seed42_80-20_development_test_fourfold_v1,0.9949924668272129,0.09047174090962977
289,0.05782711684480588,artifacts/checkpoints/cv/cfg_014_fold_3.pt,cfg_014,results/cv/curves/cfg_014_fold_3.csv,3,128,0.001,4,14045,seed42_80-20_development_test_fourfold_v1,0.994836839964981,0.09260159840322957
284,0.05778844608659547,artifacts/checkpoints/cv/cfg_015_fold_0.pt,cfg_015,results/cv/curves/cfg_015_fold_0.csv,0,256,0.0001,4,15042,seed42_80-20_development_test_fourfold_v1,0.9950413818661511,0.09069238322065568
282,0.058983447750728356,artifacts/checkpoints/cv/cfg_015_fold_1.pt,cfg_015,results/cv/curves/cfg_015_fold_1.csv,1,256,0.0001,4,15043,seed42_80-20_development_test_fourfold_v1,0.9935886673659347,0.10263585848385161
291,0.057566920661109855,artifacts/checkpoints/cv/cfg_015_fold_2.pt,cfg_015,results/cv/curves/cfg_015_fold_2.csv,2,256,0.0001,4,15044,seed42_80-20_development_test_fourfold_v1,0.9950796799479413,0.0896804350629256
294,0.058209971533103755,artifacts/checkpoints/cv/cfg_015_fold_3.pt,cfg_015,results/cv/curves/cfg_015_fold_3.csv,3,256,0.0001,4,15045,seed42_80-20_development_test_fourfold_v1,0.9948498370969513,0.09248497277436618
280,0.054912878774880436,artifacts/checkpoints/cv/cfg_016_fold_0.pt,cfg_016,results/cv/curves/cfg_016_fold_0.csv,0,256,0.0003,4,16042,seed42_80-20_development_test_fourfold_v1,0.995317888377283,0.08812748248150112
289,0.05580085457660623,artifacts/checkpoints/cv/cfg_016_fold_1.pt,cfg_016,results/cv/curves/cfg_016_fold_1.csv,1,256,0.0003,4,16043,seed42_80-20_development_test_fourfold_v1,0.9940031478918862,0.09926282563346626
286,0.05467655684599351,artifacts/checkpoints/cv/cfg_016_fold_2.pt,cfg_016,results/cv/curves/cfg_016_fold_2.csv,2,256,0.0003,4,16044,seed42_80-20_development_test_fourfold_v1,0.9955673199511575,0.08512051104320939
269,0.05368896384655787,artifacts/checkpoints/cv/cfg_016_fold_3.pt,cfg_016,results/cv/curves/cfg_016_fold_3.csv,3,256,0.0003,4,16045,seed42_80-20_development_test_fourfold_v1,0.9952662532716411,0.08866724179135628
49,0.0831095689090031,artifacts/checkpoints/cv/cfg_017_fold_0.pt,cfg_017,results/cv/curves/cfg_017_fold_0.csv,0,256,0.001,4,17042,seed42_80-20_development_test_fourfold_v1,0.9918952119079286,0.11594748008499794
128,0.0675100773643538,artifacts/checkpoints/cv/cfg_017_fold_1.pt,cfg_017,results/cv/curves/cfg_017_fold_1.csv,1,256,0.001,4,17043,seed42_80-20_development_test_fourfold_v1,0.9930558441046209,0.10681560275116027
73,0.07889028862238313,artifacts/checkpoints/cv/cfg_017_fold_2.pt,cfg_017,results/cv/curves/cfg_017_fold_2.csv,2,256,0.001,4,17044,seed42_80-20_development_test_fourfold_v1,0.9926708695886892,0.1094528953831834
134,0.0692184053137608,artifacts/checkpoints/cv/cfg_017_fold_3.pt,cfg_017,results/cv/curves/cfg_017_fold_3.csv,3,256,0.001,4,17045,seed42_80-20_development_test_fourfold_v1,0.993466307878841,0.10416936646037787
288,0.07574982939897797,artifacts/checkpoints/cv/cfg_018_fold_0.pt,cfg_018,results/cv/curves/cfg_018_fold_0.csv,0,64,0.0001,5,18042,seed42_80-20_development_test_fourfold_v1,0.9928686764638505,0.10876159110176457
295,0.07562792899365692,artifacts/checkpoints/cv/cfg_018_fold_1.pt,cfg_018,results/cv/curves/cfg_018_fold_1.csv,1,64,0.0001,5,18043,seed42_80-20_development_test_fourfold_v1,0.9922112985843129,0.11312471343475652
290,0.07502951601416677,artifacts/checkpoints/cv/cfg_018_fold_2.pt,cfg_018,results/cv/curves/cfg_018_fold_2.csv,2,64,0.0001,5,18044,seed42_80-20_development_test_fourfold_v1,0.9930311686457008,0.10672864781136891
286,0.07585468184170734,artifacts/checkpoints/cv/cfg_018_fold_3.pt,cfg_018,results/cv/curves/cfg_018_fold_3.csv,3,64,0.0001,5,18045,seed42_80-20_development_test_fourfold_v1,0.9925725584630835,0.11106579022798341
289,0.06447217721490059,artifacts/checkpoints/cv/cfg_019_fold_0.pt,cfg_019,results/cv/curves/cfg_019_fold_0.csv,0,64,0.0003,5,19042,seed42_80-20_development_test_fourfold_v1,0.9944712454419685,0.09576441004092565
294,0.06496769563417173,artifacts/checkpoints/cv/cfg_019_fold_1.pt,cfg_019,results/cv/curves/cfg_019_fold_1.csv,1,64,0.0003,5,19043,seed42_80-20_development_test_fourfold_v1,0.9935433839535934,0.10299768061272098
282,0.06441293733706581,artifacts/checkpoints/cv/cfg_019_fold_2.pt,cfg_019,results/cv/curves/cfg_019_fold_2.csv,2,64,0.0003,5,19044,seed42_80-20_development_test_fourfold_v1,0.9944139587997816,0.09555492965636099
293,0.0653482937060173,artifacts/checkpoints/cv/cfg_019_fold_3.pt,cfg_019,results/cv/curves/cfg_019_fold_3.csv,3,64,0.0003,5,19045,seed42_80-20_development_test_fourfold_v1,0.9940626980609141,0.0993013739687069
278,0.06332986442574227,artifacts/checkpoints/cv/cfg_020_fold_0.pt,cfg_020,results/cv/curves/cfg_020_fold_0.csv,0,64,0.001,5,20042,seed42_80-20_development_test_fourfold_v1,0.994372339666358,0.09661719410459862
291,0.06427780626327322,artifacts/checkpoints/cv/cfg_020_fold_1.pt,cfg_020,results/cv/curves/cfg_020_fold_1.csv,1,64,0.001,5,20043,seed42_80-20_development_test_fourfold_v1,0.9933081499210522,0.1048571539360237
295,0.062059755938721754,artifacts/checkpoints/cv/cfg_020_fold_2.pt,cfg_020,results/cv/curves/cfg_020_fold_2.csv,2,64,0.001,5,20044,seed42_80-20_development_test_fourfold_v1,0.9948207742968053,0.09200966479941725
287,0.06079773761478393,artifacts/checkpoints/cv/cfg_020_fold_3.pt,cfg_020,results/cv/curves/cfg_020_fold_3.csv,3,64,0.001,5,20045,seed42_80-20_development_test_fourfold_v1,0.9945611859341615,0.09504139363352125
287,0.06497531325629588,artifacts/checkpoints/cv/cfg_021_fold_0.pt,cfg_021,results/cv/curves/cfg_021_fold_0.csv,0,128,0.0001,5,21042,seed42_80-20_development_test_fourfold_v1,0.9943023515251971,0.09721612537786442
293,0.06545476818051914,artifacts/checkpoints/cv/cfg_021_fold_1.pt,cfg_021,results/cv/curves/cfg_021_fold_1.csv,1,128,0.0001,5,21043,seed42_80-20_development_test_fourfold_v1,0.9932180932995597,0.10556036175392541
292,0.06329123107134854,artifacts/checkpoints/cv/cfg_021_fold_2.pt,cfg_021,results/cv/curves/cfg_021_fold_2.csv,2,128,0.0001,5,21044,seed42_80-20_development_test_fourfold_v1,0.9943613126728058,0.09600415653129699
289,0.06585397283336415,artifacts/checkpoints/cv/cfg_021_fold_3.pt,cfg_021,results/cv/curves/cfg_021_fold_3.csv,3,128,0.0001,5,21045,seed42_80-20_development_test_fourfold_v1,0.9937931148193363,0.1015307386380766
281,0.05717379277537724,artifacts/checkpoints/cv/cfg_022_fold_0.pt,cfg_022,results/cv/curves/cfg_022_fold_0.csv,0,128,0.0003,5,22042,seed42_80-20_development_test_fourfold_v1,0.9950981115446766,0.09017210219217582
281,0.05751626491819984,artifacts/checkpoints/cv/cfg_022_fold_1.pt,cfg_022,results/cv/curves/cfg_022_fold_1.csv,1,128,0.0003,5,22043,seed42_80-20_development_test_fourfold_v1,0.9937266070951363,0.10152575052011216
293,0.056498406285641165,artifacts/checkpoints/cv/cfg_022_fold_2.pt,cfg_022,results/cv/curves/cfg_022_fold_2.csv,2,128,0.0003,5,22044,seed42_80-20_development_test_fourfold_v1,0.9954350727430868,0.08638094691758341
278,0.05630188142087931,artifacts/checkpoints/cv/cfg_022_fold_3.pt,cfg_022,results/cv/curves/cfg_022_fold_3.csv,3,128,0.0003,5,22045,seed42_80-20_development_test_fourfold_v1,0.994944645305546,0.09162975090095798
283,0.05552284525574816,artifacts/checkpoints/cv/cfg_023_fold_0.pt,cfg_023,results/cv/curves/cfg_023_fold_0.csv,0,128,0.001,5,23042,seed42_80-20_development_test_fourfold_v1,0.9953809953047882,0.0875315631392212
297,0.057915159192260576,artifacts/checkpoints/cv/cfg_023_fold_1.pt,cfg_023,results/cv/curves/cfg_023_fold_1.csv,1,128,0.001,5,23043,seed42_80-20_development_test_fourfold_v1,0.9941479884306147,0.09805676300905908
284,0.05608447306219758,artifacts/checkpoints/cv/cfg_023_fold_2.pt,cfg_023,results/cv/curves/cfg_023_fold_2.csv,2,128,0.001,5,23044,seed42_80-20_development_test_fourfold_v1,0.9954511324065064,0.08622886659838845
286,0.0557784469249935,artifacts/checkpoints/cv/cfg_023_fold_3.pt,cfg_023,results/cv/curves/cfg_023_fold_3.csv,3,128,0.001,5,23045,seed42_80-20_development_test_fourfold_v1,0.995111202715319,0.09010765854496118
288,0.05720254780000971,artifacts/checkpoints/cv/cfg_024_fold_0.pt,cfg_024,results/cv/curves/cfg_024_fold_0.csv,0,256,0.0001,5,24042,seed42_80-20_development_test_fourfold_v1,0.9951374823096893,0.08980925204546737
276,0.05696960159519128,artifacts/checkpoints/cv/cfg_024_fold_1.pt,cfg_024,results/cv/curves/cfg_024_fold_1.csv,1,256,0.0001,5,24043,seed42_80-20_development_test_fourfold_v1,0.9943818333566445,0.09607762808705148
287,0.05495527155454175,artifacts/checkpoints/cv/cfg_024_fold_2.pt,cfg_024,results/cv/curves/cfg_024_fold_2.csv,2,256,0.0001,5,24044,seed42_80-20_development_test_fourfold_v1,0.9955994474318023,0.08481147894751517
286,0.0561865156491233,artifacts/checkpoints/cv/cfg_024_fold_3.pt,cfg_024,results/cv/curves/cfg_024_fold_3.csv,3,256,0.0001,5,24045,seed42_80-20_development_test_fourfold_v1,0.9948345043099333,0.09262254109477767
295,0.051408633351699574,artifacts/checkpoints/cv/cfg_025_fold_0.pt,cfg_025,results/cv/curves/cfg_025_fold_0.csv,0,256,0.0003,5,25042,seed42_80-20_development_test_fourfold_v1,0.9958273800824604,0.08319455358732802
289,0.05370641232612054,artifacts/checkpoints/cv/cfg_025_fold_1.pt,cfg_025,results/cv/curves/cfg_025_fold_1.csv,1,256,0.0003,5,25043,seed42_80-20_development_test_fourfold_v1,0.9947158977647331,0.09317739623136366
288,0.052076260704408496,artifacts/checkpoints/cv/cfg_025_fold_2.pt,cfg_025,results/cv/curves/cfg_025_fold_2.csv,2,256,0.0003,5,25044,seed42_80-20_development_test_fourfold_v1,0.9957138711721526,0.08370157691797371
286,0.052633079724019156,artifacts/checkpoints/cv/cfg_025_fold_3.pt,cfg_025,results/cv/curves/cfg_025_fold_3.csv,3,256,0.0003,5,25045,seed42_80-20_development_test_fourfold_v1,0.9951815378978192,0.08945712028524624
299,0.057330417772466724,artifacts/checkpoints/cv/cfg_026_fold_0.pt,cfg_026,results/cv/curves/cfg_026_fold_0.csv,0,256,0.001,5,26042,seed42_80-20_development_test_fourfold_v1,0.9951668860663946,0.08953730098847883
292,0.05671240123397284,artifacts/checkpoints/cv/cfg_026_fold_1.pt,cfg_026,results/cv/curves/cfg_026_fold_1.csv,1,256,0.001,5,26043,seed42_80-20_development_test_fourfold_v1,0.9947740162249311,0.09266356252329158
284,0.055382586797515815,artifacts/checkpoints/cv/cfg_026_fold_2.pt,cfg_026,results/cv/curves/cfg_026_fold_2.csv,2,256,0.001,5,26044,seed42_80-20_development_test_fourfold_v1,0.9955917795403645,0.0848853380997966
156,0.06202798203883309,artifacts/checkpoints/cv/cfg_026_fold_3.pt,cfg_026,results/cv/curves/cfg_026_fold_3.csv,3,256,0.001,5,26045,seed42_80-20_development_test_fourfold_v1,0.9943571580319155,0.09680764018838395
289,0.07410033062347567,artifacts/checkpoints/cv/cfg_027_fold_0.pt,cfg_027,results/cv/curves/cfg_027_fold_0.csv,0,64,0.0001,6,27042,seed42_80-20_development_test_fourfold_v1,0.9929952029909548,0.10779242927151089
295,0.07408652211842912,artifacts/checkpoints/cv/cfg_027_fold_1.pt,cfg_027,results/cv/curves/cfg_027_fold_1.csv,1,64,0.0001,6,27043,seed42_80-20_development_test_fourfold_v1,0.9921638994994901,0.11346840839387513
291,0.07339336357650285,artifacts/checkpoints/cv/cfg_027_fold_2.pt,cfg_027,results/cv/curves/cfg_027_fold_2.csv,2,64,0.0001,6,27044,seed42_80-20_development_test_fourfold_v1,0.9932022653556484,0.1054103204497896
280,0.07363434096847134,artifacts/checkpoints/cv/cfg_027_fold_3.pt,cfg_027,results/cv/curves/cfg_027_fold_3.csv,3,64,0.0001,6,27045,seed42_80-20_development_test_fourfold_v1,0.9928881853891431,0.10868031873094856
284,0.0623057235419855,artifacts/checkpoints/cv/cfg_028_fold_0.pt,cfg_028,results/cv/curves/cfg_028_fold_0.csv,0,64,0.0003,6,28042,seed42_80-20_development_test_fourfold_v1,0.9946705605963259,0.09402238135838163
290,0.06360126353090148,artifacts/checkpoints/cv/cfg_028_fold_1.pt,cfg_028,results/cv/curves/cfg_028_fold_1.csv,1,64,0.0003,6,28043,seed42_80-20_development_test_fourfold_v1,0.9937431808168328,0.10139155102171217
277,0.063249846313157,artifacts/checkpoints/cv/cfg_028_fold_2.pt,cfg_028,results/cv/curves/cfg_028_fold_2.csv,2,64,0.0003,6,28044,seed42_80-20_development_test_fourfold_v1,0.994425409874204,0.0954569382602273
288,0.06275082865521639,artifacts/checkpoints/cv/cfg_028_fold_3.pt,cfg_028,results/cv/curves/cfg_028_fold_3.csv,3,64,0.0003,6,28045,seed42_80-20_development_test_fourfold_v1,0.9943080824328919,0.09722769519321009
287,0.061231902134415754,artifacts/checkpoints/cv/cfg_029_fold_0.pt,cfg_029,results/cv/curves/cfg_029_fold_0.csv,0,64,0.001,6,29042,seed42_80-20_development_test_fourfold_v1,0.9947006335658004,0.09375673125104915
285,0.05967758048212165,artifacts/checkpoints/cv/cfg_029_fold_1.pt,cfg_029,results/cv/curves/cfg_029_fold_1.csv,1,64,0.001,6,29043,seed42_80-20_development_test_fourfold_v1,0.9943273280065721,0.09654255775988597
289,0.06056293432185712,artifacts/checkpoints/cv/cfg_029_fold_2.pt,cfg_029,results/cv/curves/cfg_029_fold_2.csv,2,64,0.001,6,29044,seed42_80-20_development_test_fourfold_v1,0.9950566383827166,0.08989017386438708
297,0.059918919451911176,artifacts/checkpoints/cv/cfg_029_fold_3.pt,cfg_029,results/cv/curves/cfg_029_fold_3.csv,3,64,0.001,6,29045,seed42_80-20_development_test_fourfold_v1,0.9946238510137957,0.09449228206854951
285,0.06421491826499974,artifacts/checkpoints/cv/cfg_030_fold_0.pt,cfg_030,results/cv/curves/cfg_030_fold_0.csv,0,128,0.0001,6,30042,seed42_80-20_development_test_fourfold_v1,0.9943833178503754,0.096522909885171
286,0.0628638145464928,artifacts/checkpoints/cv/cfg_030_fold_1.pt,cfg_030,results/cv/curves/cfg_030_fold_1.csv,1,128,0.0001,6,30043,seed42_80-20_development_test_fourfold_v1,0.9937994970808478,0.10093421799507399
291,0.06359401467578506,artifacts/checkpoints/cv/cfg_030_fold_2.pt,cfg_030,results/cv/curves/cfg_030_fold_2.csv,2,128,0.0001,6,30044,seed42_80-20_development_test_fourfold_v1,0.9944469524674061,0.09527231656762289
286,0.06129030197082032,artifacts/checkpoints/cv/cfg_030_fold_3.pt,cfg_030,results/cv/curves/cfg_030_fold_3.csv,3,128,0.0001,6,30045,seed42_80-20_development_test_fourfold_v1,0.9945283771947777,0.09532762330777757
289,0.05506827546889963,artifacts/checkpoints/cv/cfg_031_fold_0.pt,cfg_031,results/cv/curves/cfg_031_fold_0.csv,0,128,0.0003,6,31042,seed42_80-20_development_test_fourfold_v1,0.9954280156155361,0.08708489880557418
285,0.056718431950198635,artifacts/checkpoints/cv/cfg_031_fold_1.pt,cfg_031,results/cv/curves/cfg_031_fold_1.csv,1,128,0.0003,6,31043,seed42_80-20_development_test_fourfold_v1,0.9944848146018148,0.0951930019247576
291,0.054741347354549816,artifacts/checkpoints/cv/cfg_031_fold_2.pt,cfg_031,results/cv/curves/cfg_031_fold_2.csv,2,128,0.0003,6,31044,seed42_80-20_development_test_fourfold_v1,0.9956228939864402,0.08458523544719328
279,0.05609746177216731,artifacts/checkpoints/cv/cfg_031_fold_3.pt,cfg_031,results/cv/curves/cfg_031_fold_3.csv,3,128,0.0003,6,31045,seed42_80-20_development_test_fourfold_v1,0.9950904695899863,0.09029852725053321
278,0.0549969481217299,artifacts/checkpoints/cv/cfg_032_fold_0.pt,cfg_032,results/cv/curves/cfg_032_fold_0.csv,0,128,0.001,6,32042,seed42_80-20_development_test_fourfold_v1,0.9954443758825944,0.08692894802766721
289,0.055943309759625345,artifacts/checkpoints/cv/cfg_032_fold_1.pt,cfg_032,results/cv/curves/cfg_032_fold_1.csv,1,128,0.001,6,32043,seed42_80-20_development_test_fourfold_v1,0.9947368171181001,0.09299277225808927
283,0.05558191919002403,artifacts/checkpoints/cv/cfg_032_fold_2.pt,cfg_032,results/cv/curves/cfg_032_fold_2.csv,2,128,0.001,6,32044,seed42_80-20_development_test_fourfold_v1,0.9955165686121974,0.08560641177333495
277,0.05388497857064143,artifacts/checkpoints/cv/cfg_032_fold_3.pt,cfg_032,results/cv/curves/cfg_032_fold_3.csv,3,128,0.001,6,32045,seed42_80-20_development_test_fourfold_v1,0.9953212085404567,0.08815105902163416
288,0.054575876737510194,artifacts/checkpoints/cv/cfg_033_fold_0.pt,cfg_033,results/cv/curves/cfg_033_fold_0.csv,0,256,0.0001,6,33042,seed42_80-20_development_test_fourfold_v1,0.9954585611494848,0.08679350316805995
286,0.0549600356117006,artifacts/checkpoints/cv/cfg_033_fold_1.pt,cfg_033,results/cv/curves/cfg_033_fold_1.csv,1,256,0.0001,6,33043,seed42_80-20_development_test_fourfold_v1,0.9944812264693809,0.09522396276616797
292,0.053797714956071156,artifacts/checkpoints/cv/cfg_033_fold_2.pt,cfg_033,results/cv/curves/cfg_033_fold_2.csv,2,256,0.0001,6,33044,seed42_80-20_development_test_fourfold_v1,0.9956320544295546,0.08449667875506252
271,0.05476819356355446,artifacts/checkpoints/cv/cfg_033_fold_3.pt,cfg_033,results/cv/curves/cfg_033_fold_3.csv,3,256,0.0001,6,33045,seed42_80-20_development_test_fourfold_v1,0.9951538381880994,0.08971388117770188
281,0.05163766151355474,artifacts/checkpoints/cv/cfg_034_fold_0.pt,cfg_034,results/cv/curves/cfg_034_fold_0.csv,0,256,0.0003,6,34042,seed42_80-20_development_test_fourfold_v1,0.9957516206120405,0.08394641014645193
270,0.052573249449034146,artifacts/checkpoints/cv/cfg_034_fold_1.pt,cfg_034,results/cv/curves/cfg_034_fold_1.csv,1,256,0.0003,6,34043,seed42_80-20_development_test_fourfold_v1,0.9943892741576005,0.09601398353768356
277,0.05019810139964336,artifacts/checkpoints/cv/cfg_034_fold_2.pt,cfg_034,results/cv/curves/cfg_034_fold_2.csv,2,256,0.0003,6,34044,seed42_80-20_development_test_fourfold_v1,0.9960795735476525,0.08005117027196644
288,0.051026784889852746,artifacts/checkpoints/cv/cfg_034_fold_3.pt,cfg_034,results/cv/curves/cfg_034_fold_3.csv,3,256,0.0003,6,34045,seed42_80-20_development_test_fourfold_v1,0.9955884733073047,0.08559633023090428
38,0.07981065462135462,artifacts/checkpoints/cv/cfg_035_fold_0.pt,cfg_035,results/cv/curves/cfg_035_fold_0.csv,0,256,0.001,6,35042,seed42_80-20_development_test_fourfold_v1,0.9924352760656966,0.112017796162197
274,0.054994385582148954,artifacts/checkpoints/cv/cfg_035_fold_1.pt,cfg_035,results/cv/curves/cfg_035_fold_1.csv,1,256,0.001,6,35043,seed42_80-20_development_test_fourfold_v1,0.9950505493408162,0.09017859487481474
293,0.0549665530103523,artifacts/checkpoints/cv/cfg_035_fold_2.pt,cfg_035,results/cv/curves/cfg_035_fold_2.csv,2,256,0.001,6,35044,seed42_80-20_development_test_fourfold_v1,0.9956749855437276,0.08408040821691522
296,0.05633350491277725,artifacts/checkpoints/cv/cfg_035_fold_3.pt,cfg_035,results/cv/curves/cfg_035_fold_3.csv,3,256,0.001,6,35045,seed42_80-20_development_test_fourfold_v1,0.9947388960774786,0.09347578697050427
