configuration_id,num_message_passing_layers,hidden_dim,learning_rate,mean_validation_mae_ev,std_validation_mae_ev,mean_validation_rmse_ev,std_validation_rmse_ev,mean_validation_r2,std_validation_r2,mean_best_epoch
cfg_034,6,256,0.0003,0.05135894931302125,0.0010016829826280402,0.08640197354675155,0.006816702307960415,0.9954522354061496,0.0007374804013032016,279.0
cfg_025,5,256,0.0003,0.05245609652656194,0.000972294023652614,0.0873826617554779,0.004794891776560223,0.9953596717292913,0.0005132851476211085,289.5
cfg_033,6,256,0.0001,0.0545254552172091,0.000509879149555219,0.08905700646674808,0.00463259719833215,0.9951814200591299,0.0005069221973525978,284.25
cfg_016,4,256,0.0003,0.05476981351100951,0.0008680334385625957,0.09029451523738327,0.006179130483464212,0.9950386523729919,0.0007027407899911168,281.0
cfg_032,6,128,0.001,0.05510178891050518,0.000900055816603454,0.0884197977701814,0.0032208740999938403,0.9952547425383371,0.0003545787023932748,281.75
cfg_031,6,128,0.0003,0.05565637913645385,0.0009139035609946935,0.08929041585701457,0.0045774752510533085,0.9951565484484444,0.0004989206215622769,286.0
cfg_023,5,128,0.001,0.05632523110879996,0.0010845324258897773,0.09048121282290747,0.005301301258217184,0.9950228297143071,0.0006013548163134826,287.5
cfg_024,5,256,0.0001,0.056328484149716515,0.001013391456177924,0.09083022504370292,0.004761488771374812,0.9949883168520174,0.0005122536635863067,284.25
cfg_022,5,128,0.0003,0.05687258635002439,0.0005688474448492515,0.09242713763270735,0.006456577759064082,0.9948011091721114,0.0007450453126395521,283.25
cfg_007,3,256,0.0003,0.05696628257366875,0.0008418981632032569,0.09461575259446005,0.006180507084771281,0.9945547625563769,0.0007231573158944568,284.25
cfg_014,4,128,0.001,0.0576257773434488,0.0005032626214386956,0.09286052383798471,0.004024581928435808,0.9947634823633646,0.00047205307613359677,287.0
cfg_026,5,256,0.001,0.057863346960697115,0.0028929250426284678,0.09097346044998775,0.0050339476221575585,0.9949724599659014,0.0005289406495260852,257.75
cfg_015,4,256,0.0001,0.05813719650788436,0.0006240402679513157,0.09387341238544977,0.005955620078421617,0.9946398915692446,0.0007079919318691402,287.75
cfg_013,4,128,0.0003,0.05994082860313205,0.0010963145451628113,0.09413102552483851,0.003143995436455341,0.9946235312917852,0.00034937191640844453,291.0
cfg_005,3,128,0.001,0.06006052965719857,0.0005212027965413615,0.0946299099304531,0.0032837741450832984,0.9945654819967852,0.00037931984113866244,293.75
cfg_029,6,64,0.001,0.06034783409757642,0.0006978662915255565,0.09367043623596794,0.0027822259103280926,0.9946771127422211,0.00029987726041571253,289.5
cfg_035,6,256,0.001,0.06152627453165828,0.012206267942674156,0.0949381465561078,0.012033242016370894,0.9944749267569297,0.00141437114356985,225.25
cfg_006,3,256,0.0001,0.06201757258626469,0.0016301986766634555,0.09797638555875292,0.006778238751839202,0.994158454037735,0.0008272275708370734,284.0
cfg_020,5,64,0.001,0.0626162910606303,0.0015151114033109055,0.0971313516183902,0.00549399610636612,0.9942656124545942,0.0006642523500744249,287.75
cfg_028,6,64,0.0003,0.06297691551031509,0.0005674256480951639,0.0970246414583828,0.0031928247148405977,0.9942868084300637,0.0003926235051938746,284.75
cfg_030,6,128,0.0001,0.06299076236452447,0.0012609721539046934,0.09701426693891135,0.0026762290554339803,0.9942895361483517,0.00033204328948549994,287.0
cfg_004,3,128,0.0003,0.06325697940323301,0.0009052403491528544,0.09813417865773513,0.003766568052727561,0.9941547717799557,0.0004449870708076156,286.5
cfg_011,4,64,0.001,0.06327366111138759,0.0009174092016911027,0.09709485363521715,0.003219207737709671,0.99427928647125,0.0003802193104362044,284.0
cfg_019,5,64,0.0003,0.06480027597303886,0.0004419776738712844,0.09840459856967863,0.0035114962220924267,0.9941228215640644,0.0004264281372729273,289.5
cfg_021,5,128,0.0001,0.06489382133538193,0.0011271629207433042,0.10007784557529086,0.00435711168919636,0.9939187180792247,0.0005322016710205212,290.25
cfg_008,3,256,0.001,0.06645192831542836,0.011026377637394667,0.10340272560509164,0.011224106843766861,0.9934636404037204,0.001418642695875349,230.5
cfg_010,4,64,0.0003,0.06700187507166298,0.0017574069805344733,0.10193845889977703,0.0032261470523269682,0.9936960887728382,0.0003615270145405409,289.75
cfg_002,3,64,0.001,0.06758437022597548,0.0008390070162058371,0.10206105510141854,0.0038513620017292752,0.9936783466052793,0.0004597806093531497,292.5
cfg_012,4,128,0.0001,0.06765952223640948,0.00326022323793094,0.10496406400805328,0.01053463538281495,0.9932673988705265,0.0014213950825399094,291.25
cfg_001,3,64,0.0003,0.06945996226442887,0.00024690900268979773,0.10439793160081384,0.0030894155903564216,0.9933865491722509,0.0004133336781404949,290.0
cfg_003,3,128,0.0001,0.07040162626997025,0.00211517569455899,0.1070016858388018,0.006836469137740848,0.9930357037407127,0.000924279844244909,294.75
cfg_027,6,64,0.0001,0.07380363932171974,0.0003488249440324104,0.10883786921153105,0.003381703242226727,0.9928123883088091,0.0004515559222876908,288.75
cfg_017,4,256,0.001,0.07468208505237521,0.007528190397953878,0.10909633616992986,0.005051141219693673,0.9927720583700199,0.0006687340306406598,96.0
cfg_018,5,64,0.0001,0.07556548906212725,0.00036913397601276193,0.10992018564396835,0.002775467724846147,0.992670925539237,0.00036046892760403603,289.75
cfg_009,4,64,0.0001,0.0799808446866041,0.0010096085028974131,0.11499713917840396,0.003832161108148087,0.9919749121358239,0.0005424894502501687,291.75
cfg_000,3,64,0.0001,0.08471713184872999,0.0021219035199140954,0.12069939830786683,0.003797687027107664,0.9911622742265593,0.0005061304771541144,293.5
