fold,epoch,mae_ev
0,1,0.235465138
0,2,0.199459320
0,3,0.178970164
0,4,0.154243728
0,5,0.138096046
0,6,0.148993642
0,7,0.122531357
0,9,0.103179133
0,10,0.097147741
0,11,0.098911367
0,12,0.101191307
0,13,0.086917023
0,14,0.087056724
0,15,0.084797824
0,16,0.083432560
0,17,0.086139641
0,18,0.079444437
0,19,0.084151158
0,20,0.077059936
0,21,0.074999037
0,22,0.075251060
0,23,0.076865425
0,24,0.077245566
0,25,0.073146278
0,26,0.077347644
0,27,0.072911669
0,28,0.069047063
0,29,0.071041043
0,30,0.072601543
0,31,0.069333205
0,32,0.071164512
0,33,0.074251312
0,34,0.074174296
0,35,0.067801161
0,36,0.067180742
0,37,0.074318416
0,38,0.068259754
0,39,0.071801214
0,40,0.066825880
0,41,0.066981995
0,42,0.074126182
0,43,0.066312747
0,44,0.066336636
0,45,0.066878769
0,46,0.075554955
0,47,0.065484918
0,48,0.062892989
0,49,0.063480905
0,50,0.063450469
0,51,0.062613895
0,52,0.063034660
0,53,0.067426463
0,54,0.067266759
0,55,0.064974527
0,56,0.064953508
0,57,0.067221097
0,58,0.065328158
0,59,0.072056705
0,60,0.065596774
0,61,0.061623013
0,62,0.063309742
0,63,0.064095984
0,64,0.063223911
0,65,0.063910230
0,66,0.061447715
0,67,0.067999055
0,68,0.066483150
0,69,0.061422608
0,70,0.060698131
0,71,0.061098200
0,72,0.061220877
0,73,0.060583219
0,74,0.060573992
0,75,0.060238003
0,76,0.059695518
0,77,0.059700031
0,78,0.061992787
0,79,0.061119916
0,80,0.061494012
0,81,0.059778383
0,82,0.058500124
0,83,0.060069340
0,84,0.060669573
0,85,0.060785207
0,86,0.061834107
0,87,0.059082648
0,88,0.060451410
0,89,0.058600440
0,90,0.058746515
0,91,0.059235898
0,92,0.059521470
0,93,0.058613485
0,94,0.058494041
0,95,0.059527778
0,96,0.057933273
0,97,0.060006750
0,98,0.063202265
0,99,0.058837566
0,100,0.058867652
0,101,0.058153420
0,102,0.059739101
0,103,0.058060836
0,104,0.062646313
0,105,0.058683015
0,106,0.057491826
0,107,0.059237699
0,108,0.060169345
0,109,0.059568818
0,110,0.057453213
0,111,0.059976764
0,112,0.057259888
0,113,0.057075279
0,114,0.057512272
0,115,0.059737802
0,116,0.059473152
0,117,0.058170910
0,118,0.057836672
0,119,0.058372259
0,120,0.057916420
0,121,0.056920071
0,122,0.058817614
0,123,0.058414499
0,124,0.057379159
0,125,0.058310529
0,126,0.055752714
0,127,0.058967692
0,128,0.055992980
0,129,0.058157040
0,130,0.056814282
0,131,0.056054537
0,132,0.056229044
0,133,0.058296376
0,134,0.056986181
0,135,0.057673981
0,136,0.055221923
0,137,0.055473618
0,138,0.056123481
0,139,0.057290587
0,140,0.056007721
0,141,0.058039832
0,142,0.056171110
0,143,0.055590423
0,144,0.057278164
0,145,0.055730944
0,146,0.057679919
0,147,0.057301493
0,148,0.055944757
0,149,0.055270054
0,150,0.057473059
0,151,0.057831437
0,152,0.056259665
0,153,0.054916114
0,154,0.055243213
0,155,0.055346988
0,156,0.055298996
0,157,0.055675699
0,158,0.056308063
0,159,0.055066360
0,160,0.055489211
0,161,0.054620682
0,163,0.054920618
0,164,0.054775565
0,166,0.054952127
0,167,0.056416925
0,168,0.054255399
0,169,0.055144560
0,170,0.054852374
0,171,0.054877984
0,172,0.055552471
0,173,0.054858204
0,174,0.054644898
0,175,0.053694174
0,177,0.054997457
0,178,0.056618295
0,179,0.054117883
0,180,0.054409650
0,181,0.054997944
0,182,0.054745851
0,183,0.056566024
0,184,0.055875779
0,185,0.054463618
0,186,0.054139985
0,187,0.054544940
0,188,0.054495622
0,189,0.053694801
0,192,0.054061571
0,193,0.053933402
0,194,0.053477382
0,195,0.054657802
0,197,0.053653661
0,198,0.053933144
0,199,0.053217795
0,200,0.053246661
0,201,0.054017160
0,203,0.053192166
0,204,0.054372242
0,205,0.053642051
0,206,0.054408154
0,207,0.054947371
0,208,0.053257074
0,209,0.054083768
0,210,0.053022357
0,211,0.052794311
0,212,0.052728379
0,213,0.052857944
0,214,0.053310852
0,215,0.053399066
0,216,0.054683111
0,217,0.053370756
0,218,0.053824016
0,219,0.052927748
0,220,0.053767906
0,221,0.052704730
0,222,0.053055678
0,223,0.053136670
0,224,0.052490641
0,225,0.052569634
0,226,0.052778159
0,227,0.052700555
0,228,0.052967736
0,231,0.052920668
0,232,0.052749380
0,233,0.052736655
0,234,0.052603667
0,235,0.052730098
0,236,0.052066978
0,237,0.052473935
0,238,0.052340914
0,239,0.052331622
0,240,0.053075498
0,242,0.053205392
0,243,0.052019511
0,244,0.052110476
0,246,0.052137588
0,247,0.052308348
0,248,0.052341457
0,249,0.052190478
0,250,0.051882254
0,251,0.052234870
0,252,0.052343598
0,253,0.051921034
0,254,0.051870031
0,255,0.052311017
0,256,0.052228457
0,258,0.051770635
0,260,0.052643308
0,261,0.051815265
0,262,0.052185621
0,263,0.051809456
0,264,0.052035530
0,265,0.052093440
0,266,0.051999440
0,267,0.051665035
0,268,0.051791039
0,269,0.052099633
0,270,0.051776841
0,271,0.051663761
0,272,0.051998880
0,273,0.051990895
0,274,0.051695868
0,275,0.051915209
0,276,0.051802896
0,277,0.051911989
0,281,0.051637662
0,283,0.051843960
0,285,0.051751921
0,288,0.051692000
0,290,0.051693232
0,292,0.051723319
0,297,0.051717406
0,300,0.051706669
1,1,0.241418031
1,2,0.203639665
1,3,0.196885555
1,4,0.155302397
1,5,0.136518044
1,7,0.114250658
1,8,0.109525893
1,9,0.099868046
1,10,0.096654659
1,11,0.102517239
1,13,0.095132113
1,14,0.087106013
1,15,0.083169019
1,16,0.085749529
1,17,0.082991953
1,18,0.079574814
1,19,0.080177606
1,20,0.076911262
1,21,0.086708782
1,23,0.075650810
1,24,0.077535307
1,25,0.072022785
1,26,0.071362545
1,27,0.075708944
1,28,0.071805930
1,29,0.071353820
1,30,0.071431919
1,31,0.071793770
1,32,0.073045446
1,33,0.071416190
1,34,0.069485144
1,35,0.066466689
1,36,0.067465777
1,37,0.067871169
1,38,0.069965520
1,39,0.072416580
1,40,0.068394155
1,41,0.070183347
1,42,0.067558239
1,43,0.068365644
1,44,0.066838591
1,45,0.066624606
1,46,0.070703334
1,47,0.066608897
1,48,0.064715749
1,49,0.064128175
1,50,0.063689278
1,51,0.067793070
1,52,0.065141591
1,53,0.068410309
1,54,0.063979087
1,55,0.064540578
1,56,0.067709220
1,57,0.066594460
1,58,0.064687757
1,59,0.062309521
1,60,0.063854792
1,61,0.067914789
1,62,0.066124910
1,63,0.062877410
1,64,0.064238589
1,65,0.068230942
1,66,0.063296754
1,67,0.062191148
1,68,0.064952648
1,69,0.061485563
1,70,0.065531745
1,71,0.061811613
1,72,0.064581386
1,73,0.071398670
1,74,0.061897119
1,75,0.064596315
1,76,0.061571376
1,77,0.062208809
1,78,0.060042050
1,79,0.062392437
1,80,0.061571770
1,81,0.064862497
1,82,0.065075080
1,83,0.063343748
1,84,0.060407968
1,85,0.062306537
1,86,0.061309039
1,87,0.059951050
1,88,0.062299202
1,89,0.059374240
1,90,0.060687639
1,91,0.059797082
1,92,0.060544574
1,93,0.060159409
1,94,0.060329942
1,95,0.059071675
1,96,0.061961720
1,97,0.058687828
1,98,0.059878159
1,99,0.059261945
1,100,0.059383951
1,101,0.061010726
1,102,0.059692812
1,103,0.060024727
1,104,0.060069045
1,105,0.060460753
1,106,0.059902219
1,107,0.060419761
1,108,0.060571235
1,109,0.060554664
1,110,0.062983646
1,111,0.059538192
1,112,0.058326177
1,113,0.057765972
1,114,0.061171120
1,115,0.059356130
1,116,0.058372841
1,117,0.060679528
1,118,0.058380011
1,119,0.059290330
1,120,0.059649559
1,121,0.057709249
1,122,0.059458475
1,123,0.058291594
1,124,0.057585232
1,125,0.057824297
1,126,0.057693108
1,127,0.058226237
1,128,0.059515724
1,129,0.058967928
1,130,0.056887970
1,131,0.058552883
1,132,0.058115820
1,133,0.059490050
1,134,0.059346146
1,135,0.058014631
1,136,0.057044134
1,137,0.057091571
1,138,0.058081163
1,139,0.057742025
1,140,0.057863831
1,141,0.058768252
1,143,0.056128426
1,144,0.056636553
1,145,0.055784557
1,146,0.056963092
1,147,0.057142624
1,148,0.057470307
1,149,0.056378010
1,150,0.058398107
1,151,0.057583482
1,152,0.058666983
1,153,0.056912839
1,154,0.057065736
1,155,0.057494181
1,156,0.055630291
1,157,0.056469429
1,158,0.055961106
1,159,0.057156428
1,160,0.056091220
1,161,0.056623527
1,163,0.056450301
1,164,0.056713087
1,165,0.056098173
1,166,0.057076586
1,167,0.055603904
1,168,0.055030534
1,169,0.055979711
1,170,0.056648470
1,171,0.055409479
1,172,0.056011050
1,173,0.055130138
1,174,0.055008711
1,175,0.056787093
1,176,0.055081084
1,177,0.054817633
1,178,0.055098403
1,179,0.057774279
1,180,0.056148065
1,183,0.055087419
1,184,0.055332625
1,185,0.054619256
1,186,0.055155394
1,187,0.055252040
1,188,0.055702667
1,189,0.055539634
1,190,0.054867520
1,192,0.056568752
1,193,0.055859552
1,194,0.054628988
1,195,0.054948905
1,196,0.055850714
1,197,0.055764568
1,198,0.054823942
1,199,0.054199019
1,200,0.054451625
1,201,0.054317755
1,202,0.054496884
1,203,0.055133152
1,204,0.055072261
1,205,0.054439837
1,206,0.054335868
1,207,0.053827557
1,208,0.054174880
1,209,0.054032395
1,210,0.054639788
1,211,0.054231317
1,212,0.054113145
1,213,0.053701582
1,214,0.053732741
1,215,0.054560767
1,216,0.054283766
1,217,0.054140568
1,218,0.054180253
1,219,0.054062778
1,220,0.054209859
1,221,0.054006629
1,222,0.054209102
1,223,0.053459131
1,224,0.054144882
1,225,0.053642491
1,226,0.053335120
1,227,0.053671096
1,228,0.053639512
1,229,0.054516847
1,230,0.053985129
1,231,0.053641268
1,234,0.053378300
1,235,0.053729980
1,236,0.053478046
1,237,0.054302457
1,238,0.053232623
1,239,0.053082583
1,240,0.054612030
1,241,0.053155138
1,242,0.053351056
1,244,0.053271285
1,245,0.054224148
1,246,0.053114270
1,247,0.053039907
1,248,0.053250773
1,249,0.053044289
1,250,0.053218240
1,251,0.053133997
1,252,0.053382389
1,254,0.052941502
1,255,0.053228113
1,257,0.052946937
1,258,0.052939377
1,259,0.053110637
1,261,0.052992025
1,262,0.053005354
1,263,0.053289630
1,264,0.052643568
1,265,0.053321067
1,266,0.052932791
1,267,0.052784468
1,268,0.053074445
1,269,0.052966467
1,270,0.052573249
1,272,0.052983582
1,274,0.052755045
1,275,0.053090030
1,276,0.052656793
1,277,0.052904447
1,280,0.052616518
1,281,0.052728486
1,282,0.052618728
1,283,0.052753688
1,285,0.052604807
1,291,0.052736586
1,293,0.052707150
1,300,0.052654182
2,1,0.250071332
2,2,0.206935313
2,3,0.172257948
2,5,0.136584013
2,6,0.131242034
2,7,0.116503409
2,8,0.108473951
2,9,0.096336554
2,10,0.109591779
2,11,0.090478568
2,12,0.088128254
2,13,0.081482033
2,14,0.083008949
2,15,0.079437354
2,16,0.079802440
2,17,0.079438358
2,18,0.077859158
2,19,0.080060770
2,20,0.077970159
2,22,0.071881858
2,23,0.073332370
2,24,0.073751803
2,25,0.069518014
2,26,0.083010639
2,27,0.070311276
2,28,0.069343052
2,29,0.079842573
2,30,0.074186825
2,31,0.066301708
2,32,0.066482525
2,33,0.068503401
2,34,0.068483222
2,35,0.064995714
2,36,0.068060000
2,37,0.068600825
2,38,0.065506150
2,39,0.066995196
2,40,0.065975956
2,41,0.067160908
2,42,0.065189643
2,43,0.064034200
2,44,0.063486267
2,45,0.071564396
2,46,0.066740139
2,47,0.063646712
2,48,0.063981081
2,49,0.064637983
2,50,0.064798670
2,51,0.062058983
2,52,0.062456325
2,53,0.063091581
2,54,0.065404878
2,56,0.061028099
2,57,0.062215598
2,58,0.064740950
2,59,0.060151352
2,60,0.059961031
2,61,0.060821239
2,62,0.060440908
2,63,0.059881657
2,64,0.062164824
2,65,0.062514197
2,66,0.066020923
2,67,0.062100750
2,68,0.062291115
2,69,0.058465689
2,70,0.058916011
2,71,0.062310644
2,72,0.062959143
2,73,0.058775231
2,74,0.065402941
2,75,0.058307711
2,76,0.059045634
2,77,0.061740982
2,78,0.058779230
2,79,0.058360472
2,80,0.058636566
2,81,0.060142364
2,82,0.059911825
2,83,0.060069409
2,84,0.061421403
2,85,0.058362353
2,86,0.057754784
2,87,0.058644023
2,88,0.059715131
2,89,0.060277803
2,90,0.059702339
2,91,0.060607782
2,92,0.058097412
2,93,0.058565177
2,94,0.057386940
2,95,0.059696973
2,96,0.057688961
2,97,0.057052793
2,98,0.057846800
2,99,0.056653277
2,100,0.057609958
2,101,0.059983063
2,102,0.057344854
2,103,0.056339600
2,104,0.056083470
2,105,0.056167584
2,106,0.056844672
2,107,0.058826008
2,108,0.057010951
2,109,0.056999224
2,110,0.056748827
2,111,0.056878522
2,112,0.058011800
2,113,0.056071042
2,114,0.055815698
2,115,0.055432380
2,116,0.055886312
2,117,0.057870673
2,118,0.055761325
2,119,0.055268286
2,120,0.056835559
2,121,0.059158224
2,122,0.055244966
2,123,0.057127081
2,124,0.054997686
2,126,0.056318795
2,127,0.056118343
2,128,0.055199526
2,130,0.056652333
2,131,0.055245519
2,132,0.056481649
2,133,0.055886920
2,134,0.054644943
2,135,0.055106666
2,136,0.056957188
2,137,0.055566241
2,138,0.058898975
2,139,0.055901208
2,140,0.054124849
2,141,0.054500609
2,142,0.054622336
2,143,0.056969681
2,144,0.054900171
2,145,0.053889666
2,146,0.055006807
2,147,0.054803890
2,148,0.054212634
2,149,0.055378699
2,150,0.055024306
2,151,0.054142242
2,152,0.054396394
2,153,0.054201113
2,154,0.055066145
2,155,0.053948290
2,156,0.057220216
2,157,0.054042934
2,158,0.053720471
2,159,0.053090798
2,160,0.055316276
2,161,0.053933759
2,162,0.054290758
2,163,0.054397115
2,164,0.053568077
2,165,0.055073414
2,166,0.052881526
2,167,0.053147092
2,168,0.053571612
2,169,0.053655333
2,170,0.053037945
2,171,0.054211139
2,172,0.054624711
2,173,0.053115293
2,174,0.053327685
2,175,0.053052475
2,176,0.053209058
2,177,0.052704959
2,178,0.052876807
2,179,0.052505780
2,180,0.052898795
2,181,0.052921221
2,182,0.054161556
2,183,0.052972248
2,184,0.053897700
2,185,0.052717222
2,186,0.052469121
2,187,0.053145392
2,188,0.054079357
2,189,0.053181248
2,190,0.052743637
2,191,0.052480318
2,192,0.052704296
2,193,0.052335760
2,194,0.053226177
2,195,0.051789888
2,196,0.052923036
2,197,0.051868001
2,199,0.051853988
2,200,0.051759328
2,201,0.052120038
2,202,0.052124267
2,203,0.051897700
2,204,0.052292354
2,205,0.051897337
2,208,0.052424002
2,209,0.051659329
2,210,0.052914697
2,211,0.051731575
2,212,0.051587758
2,213,0.051677580
2,214,0.052281359
2,215,0.052231662
2,216,0.051400277
2,217,0.052467974
2,218,0.052997629
2,219,0.051578249
2,221,0.051546445
2,222,0.052127172
2,224,0.051144998
2,225,0.051092602
2,226,0.051474456
2,227,0.051648431
2,228,0.051078715
2,229,0.050969642
2,230,0.051363816
2,231,0.051969574
2,232,0.051212163
2,233,0.050969596
2,234,0.051495208
2,235,0.050723522
2,236,0.050909043
2,237,0.051332230
2,238,0.051230225
2,239,0.050703775
2,240,0.051130571
2,241,0.050534330
2,242,0.050417829
2,243,0.050527701
2,244,0.050940948
2,245,0.050693534
2,246,0.050871505
2,247,0.051278995
2,248,0.050816447
2,249,0.051191283
2,250,0.050511194
2,251,0.050968301
2,252,0.050608481
2,254,0.050480472
2,255,0.050619254
2,256,0.050473229
2,258,0.050922287
2,259,0.050353050
2,260,0.050675548
2,262,0.050500908
2,263,0.050745432
2,265,0.050249850
2,267,0.050457226
2,268,0.050295907
2,270,0.050393014
2,272,0.050602807
2,274,0.050466965
2,275,0.050269128
2,276,0.050545646
2,277,0.050198101
2,278,0.050435548
2,279,0.050266150
2,283,0.050412082
2,284,0.050235755
2,294,0.050285534
2,296,0.050235175
2,300,0.050236426
3,1,0.256808508
3,2,0.192303166
3,3,0.173583144
3,4,0.157948180
3,5,0.139726822
3,7,0.118635932
3,8,0.112293116
3,9,0.104533241
3,10,0.099718676
3,11,0.097770195
3,12,0.090401016
3,13,0.086871436
3,14,0.094939178
3,15,0.086105718
3,16,0.083893966
3,17,0.079287871
3,18,0.078968204
3,19,0.099939917
3,20,0.078656409
3,21,0.072710102
3,22,0.074139601
3,23,0.076513743
3,24,0.084164874
3,25,0.072648096
3,26,0.071435557
3,27,0.072937688
3,28,0.069928015
3,29,0.070102786
3,30,0.069753037
3,31,0.068109365
3,32,0.068831231
3,33,0.071164505
3,34,0.067594287
3,35,0.076044898
3,36,0.071256798
3,37,0.068905571
3,38,0.074076200
3,39,0.067064093
3,40,0.066506772
3,41,0.071120471
3,42,0.071581428
3,43,0.065906767
3,44,0.063207995
3,45,0.066699933
3,46,0.064436863
3,48,0.065438149
3,50,0.063359951
3,51,0.064722146
3,52,0.070786438
3,53,0.063696536
3,54,0.063097965
3,55,0.062963818
3,56,0.061572038
3,57,0.071122054
3,58,0.067663411
3,59,0.061682617
3,60,0.062277380
3,61,0.067109303
3,62,0.063018541
3,63,0.060920713
3,64,0.061648603
3,65,0.061431086
3,66,0.062905212
3,67,0.060446591
3,68,0.060597995
3,69,0.065509480
3,70,0.061325235
3,71,0.062363318
3,72,0.062281861
3,73,0.060960795
3,74,0.062582028
3,75,0.060978178
3,76,0.060165708
3,77,0.060540121
3,78,0.059724154
3,79,0.059354156
3,80,0.062480269
3,83,0.059101994
3,84,0.062797604
3,85,0.058605402
3,86,0.061080856
3,87,0.059058872
3,88,0.059529276
3,89,0.060891815
3,90,0.061926218
3,91,0.060396496
3,92,0.058124312
3,93,0.062763014
3,94,0.056917918
3,95,0.058186762
3,96,0.057698764
3,97,0.058905359
3,98,0.057842759
3,100,0.062070516
3,101,0.060926649
3,102,0.058533729
3,103,0.059154152
3,104,0.059510274
3,105,0.059291114
3,106,0.060129873
3,107,0.057636525
3,108,0.062528327
3,109,0.056403732
3,110,0.057720328
3,111,0.059418236
3,112,0.059782767
3,113,0.058726244
3,114,0.060606150
3,115,0.056808386
3,116,0.059723563
3,117,0.058021006
3,118,0.056968856
3,119,0.056565370
3,120,0.062431864
3,121,0.056281727
3,122,0.057792767
3,123,0.056069259
3,124,0.055780417
3,125,0.056131174
3,126,0.057932471
3,127,0.057001456
3,128,0.056697861
3,129,0.056760501
3,130,0.055420623
3,131,0.056176613
3,132,0.055184781
3,133,0.056221063
3,134,0.055787745
3,135,0.057019561
3,136,0.054764102
3,137,0.055365218
3,138,0.055180388
3,139,0.054851623
3,140,0.055197934
3,141,0.056028839
3,142,0.055017173
3,143,0.056914408
3,144,0.054821554
3,145,0.060748736
3,146,0.055483881
3,147,0.054848675
3,148,0.055092441
3,149,0.057710656
3,150,0.055306828
3,151,0.056186807
3,152,0.054769164
3,153,0.055603482
3,154,0.054510295
3,155,0.054885092
3,157,0.054954917
3,158,0.053816332
3,159,0.055339669
3,160,0.054687310
3,161,0.055398809
3,162,0.055469988
3,163,0.055163427
3,164,0.055657595
3,165,0.054528677
3,166,0.054364881
3,167,0.054070489
3,168,0.054234852
3,169,0.054981406
3,170,0.054959814
3,171,0.054394102
3,172,0.054529974
3,173,0.055270012
3,174,0.054542022
3,175,0.054536211
3,176,0.055230001
3,177,0.053575892
3,178,0.054238032
3,179,0.053872016
3,180,0.053297992
3,181,0.055604381
3,182,0.054165111
3,183,0.054080559
3,184,0.055417468
3,185,0.053379575
3,186,0.053794874
3,187,0.056760372
3,188,0.053871100
3,189,0.053651670
3,190,0.053241595
3,191,0.053400044
3,192,0.053779522
3,193,0.056399149
3,195,0.054366521
3,196,0.053605235
3,197,0.053476092
3,198,0.054190848
3,199,0.052466023
3,200,0.052483416
3,201,0.052781441
3,202,0.053341977
3,203,0.053010736
3,204,0.053220901
3,206,0.052656450
3,207,0.052696186
3,208,0.052949217
3,209,0.052591033
3,210,0.052520734
3,211,0.053387849
3,212,0.053940817
3,213,0.052867510
3,214,0.053342824
3,215,0.052265103
3,216,0.052721000
3,217,0.052266188
3,218,0.053407621
3,219,0.053290786
3,220,0.053749165
3,221,0.052205316
3,222,0.052647514
3,223,0.051922728
3,224,0.051963343
3,225,0.052191300
3,226,0.052276104
3,227,0.051952830
3,228,0.052544269
3,229,0.051900562
3,230,0.052635799
3,231,0.052144977
3,232,0.053190967
3,233,0.051942985
3,235,0.053211499
3,236,0.052081146
3,237,0.053093667
3,238,0.052502914
3,239,0.052074705
3,240,0.052195273
3,242,0.051556872
3,243,0.051747299
3,244,0.051697041
3,245,0.052310333
3,247,0.051653351
3,248,0.051882221
3,249,0.051471558
3,250,0.051622858
3,252,0.051542379
3,253,0.051706113
3,254,0.051526656
3,255,0.051522107
3,256,0.051331104
3,257,0.051711399
3,258,0.051346943
3,259,0.051700901
3,261,0.051225131
3,262,0.051273726
3,263,0.051446271
3,264,0.051158183
3,265,0.051369789
3,266,0.052448383
3,267,0.051350461
3,268,0.051436245
3,269,0.051854040
3,270,0.051420809
3,271,0.051160647
3,272,0.051321332
3,273,0.051717142
3,274,0.051341228
3,275,0.051200843
3,277,0.051349671
3,278,0.051269310
3,279,0.051332739
3,280,0.051060535
3,281,0.051128014
3,282,0.051319559
3,283,0.051125930
3,288,0.051026785
3,290,0.051106248
3,291,0.051215334
3,299,0.051183370
3,300,0.051180998
